like_id,like_medium_id,liked_by
1,2,maddyroe
2,30,gucci
3,47,aadenuga
4,35,k.lovato
5,10,noahv24
6,1,farabakare
7,14,itsconel
8,3,itsconel
9,39,caitlyn_karis
10,48,isaiahbowes
11,33,itsconel
12,44,itsconel
13,50,ambnoelle
14,13,raja
15,31,lisaa.og
16,12,ambnoelle
17,41,welcomeovo
18,41,tyler_sp
19,26,jenny123
20,31,caitlyn_karis
21,40,isaiahbowes
22,29,isaiahbowes
23,3,welcomeovo
24,21,noahv24
25,37,k.lovato
26,25,itsconel
27,2,isaiahbowes
28,16,raja
29,44,varun.baldwa
30,27,k.lovato
31,33,welcomeovo
32,44,tyler_sp
33,33,tyler_sp
34,6,itsconel
35,23,caitlyn_karis
36,33,maddyroe
37,12,caitlyn_karis
38,21,isaiahbowes
39,41,gucci
40,1,bbybellz
41,4,lisaa.og
42,21,spencerlongg
43,36,itsconel
44,37,jenny123
45,49,punx2_l
46,38,punx2_l
47,19,k.lovato
48,31,bbybellz
49,50,aadenuga
50,43,isaiahbowes
51,46,raja
52,6,welcomeovo
53,35,noahv24
54,26,farabakare
55,23,aadenuga
56,17,itsconel
57,28,itsconel
58,45,ambnoelle
59,41,spencerlongg
60,30,raja
61,19,raja
62,26,lisaa.og
63,15,lisaa.og
64,12,bbybellz
65,47,varun.baldwa
66,7,ambnoelle
67,35,nayaahbenet
68,13,nayaahbenet
69,14,spencerlongg
70,36,tyler_sp
71,10,jenny123
72,15,caitlyn_karis
73,26,caitlyn_karis
74,42,aadenuga
75,35,isaiahbowes
76,13,isaiahbowes
77,49,raja
78,16,noahv24
79,45,lisaa.og
80,21,k.lovato
81,4,aadenuga
82,37,ambnoelle
83,44,spencerlongg
84,48,itsconel
85,18,lisaa.og
86,40,jenny123
87,45,caitlyn_karis
88,41,punx2_l
89,22,k.lovato
90,28,welcomeovo
91,16,nayaahbenet
92,2,jenny123
93,18,caitlyn_karis
94,14,punx2_l
95,3,punx2_l
96,16,isaiahbowes
97,36,gucci
98,6,nayaahbenet
99,16,spencerlongg
100,15,aadenuga
101,26,aadenuga
102,37,caitlyn_karis
103,44,punx2_l
104,33,punx2_l
105,22,raja
106,38,maddyroe
107,39,varun.baldwa
108,10,ambnoelle
109,46,noahv24
110,28,gucci
111,34,aadenuga
112,39,maddyroe
113,41,raja
114,1,welcomeovo
115,19,noahv24
116,33,k.lovato
117,44,k.lovato
118,34,bbybellz
119,12,itsconel
120,23,itsconel
121,40,ambnoelle
122,1,maddyroe
123,47,spencerlongg
124,31,varun.baldwa
125,20,varun.baldwa
126,7,bbybellz
127,2,ambnoelle
128,8,nayaahbenet
129,29,farabakare
130,40,farabakare
131,5,jenny123
132,42,itsconel
133,20,maddyroe
134,19,isaiahbowes
135,44,raja
136,29,lisaa.og
137,39,gucci
138,2,farabakare
139,50,varun.baldwa
140,43,itsconel
141,50,tyler_sp
142,8,spencerlongg
143,13,jenny123
144,40,caitlyn_karis
145,50,maddyroe
146,23,varun.baldwa
147,29,caitlyn_karis
148,49,isaiahbowes
149,6,k.lovato
150,11,nayaahbenet
151,12,tyler_sp
152,39,nayaahbenet
153,11,isaiahbowes
154,25,raja
155,21,lisaa.og
156,38,spencerlongg
157,48,aadenuga
158,1,nayaahbenet
159,22,noahv24
160,47,k.lovato
161,42,welcomeovo
162,16,jenny123
163,15,itsconel
164,32,ambnoelle
165,21,caitlyn_karis
166,50,gucci
167,4,tyler_sp
168,10,bbybellz
169,1,spencerlongg
170,23,gucci
171,34,itsconel
172,40,aadenuga
173,29,aadenuga
174,36,raja
175,17,k.lovato
176,40,bbybellz
177,7,itsconel
178,35,ambnoelle
179,24,ambnoelle
180,42,gucci
181,32,caitlyn_karis
182,43,caitlyn_karis
183,39,punx2_l
184,2,bbybellz
185,3,nayaahbenet
186,13,farabakare
187,24,farabakare
188,15,tyler_sp
189,37,itsconel
190,14,isaiahbowes
191,13,lisaa.og
192,21,bbybellz
193,16,ambnoelle
194,33,nayaahbenet
195,45,tyler_sp
196,24,caitlyn_karis
197,35,caitlyn_karis
198,20,punx2_l
199,31,punx2_l
200,44,isaiahbowes
201,7,welcomeovo
202,18,welcomeovo
203,25,noahv24
204,18,tyler_sp
205,18,maddyroe
206,9,raja
207,26,gucci
208,33,spencerlongg
209,32,aadenuga
210,37,varun.baldwa
211,50,punx2_l
212,39,raja
213,31,k.lovato
214,6,noahv24
215,37,welcomeovo
216,27,ambnoelle
217,16,caitlyn_karis
218,12,punx2_l
219,34,gucci
220,24,aadenuga
221,13,aadenuga
222,29,itsconel
223,31,raja
224,20,raja
225,12,k.lovato
226,48,varun.baldwa
227,13,bbybellz
228,35,bbybellz
229,4,punx2_l
230,15,spencerlongg
231,46,farabakare
232,9,maddyroe
233,37,gucci
234,22,jenny123
235,27,caitlyn_karis
236,10,varun.baldwa
237,36,isaiahbowes
238,8,farabakare
239,21,itsconel
240,10,maddyroe
241,49,ambnoelle
242,38,ambnoelle
243,34,spencerlongg
244,23,raja
245,12,raja
246,19,lisaa.og
247,8,lisaa.og
248,46,caitlyn_karis
249,49,farabakare
250,29,tyler_sp
251,14,jenny123
252,15,punx2_l
253,26,punx2_l
254,42,raja
255,9,noahv24
256,25,k.lovato
257,10,gucci
258,28,spencerlongg
259,44,jenny123
260,33,jenny123
261,32,itsconel
262,49,caitlyn_karis
263,45,punx2_l
264,15,k.lovato
265,26,k.lovato
266,1,noahv24
267,48,nayaahbenet
268,27,bbybellz
269,5,itsconel
270,18,punx2_l
271,7,punx2_l
272,12,maddyroe
273,40,gucci
274,46,aadenuga
275,39,isaiahbowes
276,45,k.lovato
277,9,spencerlongg
278,35,itsconel
279,30,aadenuga
280,24,itsconel
281,8,aadenuga
282,37,punx2_l
283,48,spencerlongg
284,18,k.lovato
285,42,maddyroe
286,19,bbybellz
287,32,welcomeovo
288,50,noahv24
289,31,nayaahbenet
290,20,nayaahbenet
291,4,maddyroe
292,6,jenny123
293,49,aadenuga
294,31,isaiahbowes
295,34,raja
296,45,raja
297,12,noahv24
298,23,noahv24
299,5,tyler_sp
300,11,aadenuga
301,14,lisaa.og
302,13,varun.baldwa
303,48,punx2_l
304,35,varun.baldwa
305,24,welcomeovo
306,13,welcomeovo
307,13,tyler_sp
308,14,caitlyn_karis
309,13,maddyroe
310,24,maddyroe
311,35,maddyroe
312,23,isaiahbowes
313,9,k.lovato
314,25,ambnoelle
315,12,spencerlongg
316,23,spencerlongg
317,27,itsconel
318,17,jenny123
319,22,aadenuga
320,42,isaiahbowes
321,43,nayaahbenet
322,2,punx2_l
323,25,lisaa.og
324,42,spencerlongg
325,46,itsconel
326,41,aadenuga
327,26,noahv24
328,3,aadenuga
329,9,jenny123
330,47,ambnoelle
331,36,ambnoelle
332,19,itsconel
333,2,k.lovato
334,15,nayaahbenet
335,5,spencerlongg
336,47,farabakare
337,16,gucci
338,49,itsconel
339,38,itsconel
340,26,isaiahbowes
341,29,raja
342,18,noahv24
343,47,lisaa.og
344,36,lisaa.og
345,44,bbybellz
346,45,nayaahbenet
347,24,spencerlongg
348,2,raja
349,30,varun.baldwa
350,45,isaiahbowes
351,34,isaiahbowes
352,30,welcomeovo
353,42,k.lovato
354,30,maddyroe
355,5,punx2_l
356,17,lisaa.og
357,27,gucci
358,49,varun.baldwa
359,9,ambnoelle
360,43,k.lovato
361,38,welcomeovo
362,37,nayaahbenet
363,38,tyler_sp
364,49,tyler_sp
365,18,spencerlongg
366,23,jenny123
367,17,caitlyn_karis
368,11,varun.baldwa
369,37,isaiahbowes
370,11,welcomeovo
371,46,gucci